title,thumbnail_url,url,context
Top Stories,https://e3.365dm.com/24/07/768x432/skynews-kamala-harris-speech_6636541.jpg?20240722165937,https://news.sky.com/us,
Biden exits race,https://e3.365dm.com/24/07/384x216/skynews-joe-biden-inauguration_6636428.jpg?20240722145414,https://news.sky.com/us,
Analysis,https://e3.365dm.com/18/08/192x192/skynews-author-david-blevins_4395793.jpg?20180820153023,https://news.sky.com/author/david-blevins-473,
Features,https://e3.365dm.com/24/07/384x216/skynews-sha-carri-richardson_6636515.jpg?20240722164144,https://news.sky.com/world,
More Top Stories,https://e3.365dm.com/24/07/384x216/skynews-trump-gunshot-wound_6626461.jpg?20240715034022,https://news.sky.com/us,
Climate,https://e3.365dm.com/24/07/384x216/skynews-wind-farm-pylon-kent_6636289.jpg?20240722131932,https://news.sky.com/climate,
Podcasts,https://e3.365dm.com/24/07/384x216/skynews-daily-podcast-220724_6636341.png?20240722135931,https://news.sky.com/us,
Sky Sports,/resources/sky-sports-logo.svg,https://www.skysports.com/,
Around Sky,https://e3.365dm.com/24/07/384x216/skynews-gss-get-sky-sports_6624466.jpg?20240712093339,https://news.sky.com/entertainment,
Most Read,,https://news.sky.com/story/biden-quits-latest-influential-democrat-backs-harris-with-limitless-optimism-but-big-donor-urges-party-not-to-rush-13177655,
